id,line_id,prod_id,quantity,ship_date
2001,1,300,12,15-Sep-1996 12:00:00 AM
2001,2,301,12,14-Sep-1996 12:00:00 AM
2001,3,302,12,14-Sep-1996 12:00:00 AM
2002,1,400,24,18-Sep-1996 12:00:00 AM
2002,2,401,24,18-Sep-1996 12:00:00 AM
2003,1,500,12,23-Sep-1996 12:00:00 AM
2003,2,501,12,23-Sep-1996 12:00:00 AM
2003,3,400,12,23-Sep-1996 12:00:00 AM
2004,1,600,48,23-Sep-1996 12:00:00 AM
2004,2,601,48,23-Sep-1996 12:00:00 AM
2005,1,700,12,24-Sep-1996 12:00:00 AM
2006,1,300,48,28-Sep-1996 12:00:00 AM
2007,1,301,24,30-Sep-1996 12:00:00 AM
2008,1,302,12,01-Oct-1996 12:00:00 AM
2009,1,400,12,04-Oct-1996 12:00:00 AM
2010,1,401,12,05-Oct-1996 12:00:00 AM
2011,1,500,36,07-Oct-1996 12:00:00 AM
2012,1,501,12,06-Oct-1996 12:00:00 AM
2013,1,600,24,11-Oct-1996 12:00:00 AM
2013,2,601,24,11-Oct-1996 12:00:00 AM
2014,1,700,36,07-Oct-1996 12:00:00 AM
2015,1,300,24,06-Oct-1996 12:00:00 AM
2015,2,301,24,06-Oct-1996 12:00:00 AM
2015,3,302,24,06-Oct-1996 12:00:00 AM
2015,4,700,24,06-Oct-1996 12:00:00 AM
2016,1,400,12,08-Oct-1996 12:00:00 AM
2016,2,401,12,08-Oct-1996 12:00:00 AM
2016,3,500,12,08-Oct-1996 12:00:00 AM
2016,4,501,12,08-Oct-1996 12:00:00 AM
2017,1,302,48,07-Sep-1996 12:00:00 AM
2017,2,600,48,08-Oct-1996 12:00:00 AM
2017,3,601,48,08-Oct-1996 12:00:00 AM
2018,1,700,60,08-Sep-1996 12:00:00 AM
2019,1,300,12,13-Aug-1996 12:00:00 AM
2020,1,700,24,03-Sep-1996 12:00:00 AM
2021,1,600,12,08-Oct-1996 12:00:00 AM
2022,1,500,24,04-Nov-1996 12:00:00 AM
2023,1,401,24,08-Dec-1996 12:00:00 AM
2024,1,302,36,11-Jan-1996 12:00:00 AM
2025,1,501,12,02-Nov-1996 12:00:00 AM
2026,1,301,48,04-Aug-1996 12:00:00 AM
2026,2,700,48,04-Aug-1996 12:00:00 AM
2027,1,401,12,16-Dec-1996 12:00:00 AM
2028,1,601,24,31-Dec-1996 12:00:00 AM
2029,1,302,48,14-Dec-1996 12:00:00 AM
2030,1,300,24,06-Oct-1996 12:00:00 AM
2030,2,301,24,06-Oct-1996 12:00:00 AM
2030,3,302,24,06-Oct-1996 12:00:00 AM
2030,4,700,24,06-Oct-1996 12:00:00 AM
2031,1,400,48,01-Dec-1996 12:00:00 AM
2031,2,401,48,01-Dec-1996 12:00:00 AM
2032,1,501,60,05-Jan-1996 12:00:00 AM
2033,1,400,24,16-Aug-1996 12:00:00 AM
2033,2,401,24,14-Aug-1996 12:00:00 AM
2035,1,501,36,29-Oct-1996 12:00:00 AM
2036,1,600,12,07-Jul-1996 12:00:00 AM
2037,1,601,12,28-Jul-1996 12:00:00 AM
2038,1,700,60,05-Aug-1996 12:00:00 AM
2039,1,300,12,31-Aug-1996 12:00:00 AM
2040,1,301,24,26-Oct-1996 12:00:00 AM
2041,1,302,36,01-Nov-1996 12:00:00 AM
2042,1,400,12,27-Aug-1996 12:00:00 AM
2043,1,401,36,20-Sep-1996 12:00:00 AM
2044,1,500,48,15-Jan-1996 12:00:00 AM
2045,1,501,36,04-Jan-1996 12:00:00 AM
2046,1,600,12,03-Aug-1996 12:00:00 AM
2047,1,601,24,10-Sep-1996 12:00:00 AM
2048,1,700,12,10-Sep-1996 12:00:00 AM
2049,1,300,24,19-Aug-1996 12:00:00 AM
2050,1,301,24,30-Aug-1996 12:00:00 AM
2051,1,302,36,16-Nov-1996 12:00:00 AM
2052,1,400,48,03-Jan-1996 12:00:00 AM
2053,1,401,60,29-Dec-1996 12:00:00 AM
2054,1,500,12,29-Nov-1996 12:00:00 AM
2055,1,501,12,29-Sep-1996 12:00:00 AM
2056,1,600,24,15-Oct-1996 12:00:00 AM
2057,1,700,24,20-Sep-1996 12:00:00 AM
2058,1,300,12,06-Oct-1996 12:00:00 AM
2059,1,301,12,06-Oct-1996 12:00:00 AM
2060,1,302,12,02-Nov-1996 12:00:00 AM
2061,1,400,24,19-Jan-1996 12:00:00 AM
2062,1,401,36,16-Dec-1996 12:00:00 AM
2063,1,500,48,20-Dec-1996 12:00:00 AM
2064,1,501,60,01-Nov-1996 12:00:00 AM
2065,1,600,12,07-Jul-1996 12:00:00 AM
2067,1,700,72,25-Oct-1996 12:00:00 AM
2068,1,300,36,01-Nov-1996 12:00:00 AM
2069,1,301,12,17-Aug-1996 12:00:00 AM
2070,1,302,24,31-Aug-1996 12:00:00 AM
2071,1,400,60,24-Nov-1996 12:00:00 AM
2072,1,400,24,15-Nov-1996 12:00:00 AM
2073,1,401,24,01-Dec-1996 12:00:00 AM
2074,1,500,12,20-Jan-1997 12:00:00 AM
2074,2,501,12,20-Jan-1997 12:00:00 AM
2075,1,600,12,18-Aug-1996 12:00:00 AM
2076,1,601,36,20-Sep-1996 12:00:00 AM
2077,1,700,48,06-Oct-1996 12:00:00 AM
2078,1,300,12,01-Nov-1996 12:00:00 AM
2079,1,301,24,04-Oct-1996 12:00:00 AM
2080,1,302,12,01-Nov-1996 12:00:00 AM
2081,1,400,36,04-Dec-1996 12:00:00 AM
2082,1,401,48,07-Jan-1997 12:00:00 AM
2083,1,500,60,16-Jul-1996 12:00:00 AM
2084,1,501,60,13-Aug-1996 12:00:00 AM
2085,1,600,24,11-Sep-1996 12:00:00 AM
2086,1,601,12,12-Oct-1997 12:00:00 AM
2087,1,700,36,10-Nov-1997 12:00:00 AM
2089,1,300,12,14-Dec-1997 12:00:00 AM
2090,1,301,24,14-Jan-1997 12:00:00 AM
2091,1,302,60,31-Dec-1997 12:00:00 AM
2092,1,400,12,13-Jul-1997 12:00:00 AM
2093,1,401,24,15-Aug-1997 12:00:00 AM
2094,1,500,24,15-Sep-1997 12:00:00 AM
2095,1,300,36,19-Oct-1997 12:00:00 AM
2095,2,301,36,19-Oct-1997 12:00:00 AM
2095,3,302,36,19-Oct-1997 12:00:00 AM
2096,1,501,12,17-Nov-1997 12:00:00 AM
2097,1,600,48,21-Dec-1997 12:00:00 AM
2098,1,601,60,17-Jan-1997 12:00:00 AM
2099,1,700,12,22-Jul-1997 12:00:00 AM
2100,1,400,36,23-Aug-1997 12:00:00 AM
2101,1,401,24,22-Sep-1997 12:00:00 AM
2102,1,500,12,25-Oct-1997 12:00:00 AM
2103,1,501,48,23-Nov-1997 12:00:00 AM
2104,1,600,12,23-Dec-1997 12:00:00 AM
2105,1,700,24,24-Jan-1997 12:00:00 AM
2106,1,300,12,08-Jul-1997 12:00:00 AM
2107,1,301,36,08-Aug-1997 12:00:00 AM
2109,1,400,60,07-Oct-1997 12:00:00 AM
2110,1,401,24,09-Nov-1997 12:00:00 AM
2111,1,500,36,13-Dec-1997 12:00:00 AM
2112,1,501,12,10-Jan-1997 12:00:00 AM
2112,2,601,12,13-Jul-1997 12:00:00 AM
2113,1,600,12,16-Jul-1997 12:00:00 AM
2114,1,600,24,16-Aug-1997 12:00:00 AM
2114,2,601,24,16-Aug-1997 12:00:00 AM
2115,1,600,36,14-Sep-1997 12:00:00 AM
2115,2,700,36,14-Sep-1997 12:00:00 AM
2116,1,300,48,15-Oct-1997 12:00:00 AM
2117,1,301,60,13-Nov-1997 12:00:00 AM
2118,1,302,12,20-Dec-1997 12:00:00 AM
2119,1,400,24,17-Jan-1997 12:00:00 AM
2120,1,401,24,22-Jul-1997 12:00:00 AM
2121,1,500,12,22-Aug-1997 12:00:00 AM
2122,1,501,48,23-Sep-1997 12:00:00 AM
2123,1,600,60,22-Oct-1997 12:00:00 AM
2124,1,601,60,23-Nov-1997 12:00:00 AM
2125,1,400,36,27-Dec-1997 12:00:00 AM
2125,2,401,36,27-Dec-1997 12:00:00 AM
2125,3,500,36,27-Dec-1997 12:00:00 AM
2126,1,301,24,04-Jul-1997 12:00:00 AM
2127,1,400,36,08-Jul-1997 12:00:00 AM
2128,1,400,24,30-Jul-1997 12:00:00 AM
2128,2,700,36,30-Jul-1997 12:00:00 AM
2129,1,300,12,09-Jul-1997 12:00:00 AM
2130,1,501,24,21-Jul-1997 12:00:00 AM
2131,1,300,12,04-Jul-1997 12:00:00 AM
2131,2,301,12,04-Jul-1997 12:00:00 AM
2131,3,302,12,04-Jul-1997 12:00:00 AM
2132,1,400,48,10-Jul-1997 12:00:00 AM
2132,2,401,48,10-Jul-1997 12:00:00 AM
2133,1,500,24,14-Jul-1997 12:00:00 AM
2134,1,600,12,16-Jul-1997 12:00:00 AM
2135,1,300,12,08-Jul-1997 12:00:00 AM
2135,2,301,12,08-Jul-1997 12:00:00 AM
2135,3,302,12,08-Jul-1997 12:00:00 AM
2136,1,400,24,14-Jul-1997 12:00:00 AM
2136,2,401,24,14-Jul-1997 12:00:00 AM
2137,1,500,60,15-Jul-1997 12:00:00 AM
2137,2,501,60,15-Jul-1997 12:00:00 AM
2138,1,600,36,18-Jul-1997 12:00:00 AM
2138,2,601,36,18-Jul-1997 12:00:00 AM
2139,1,700,60,21-Jul-1997 12:00:00 AM
2140,1,300,36,22-Jul-1997 12:00:00 AM
2140,2,301,36,22-Jul-1997 12:00:00 AM
2140,3,302,36,22-Jul-1997 12:00:00 AM
2141,1,400,12,23-Jul-1997 12:00:00 AM
2141,2,401,12,23-Jul-1997 12:00:00 AM
2142,1,500,24,24-Jul-1997 12:00:00 AM
2142,2,501,24,24-Jul-1997 12:00:00 AM
2143,1,600,48,25-Jul-1997 12:00:00 AM
2143,2,601,48,25-Jul-1997 12:00:00 AM
2144,1,400,12,25-Jul-1997 12:00:00 AM
2144,2,700,12,25-Jul-1997 12:00:00 AM
2145,1,500,24,29-Jul-1997 12:00:00 AM
2145,2,501,24,29-Jul-1997 12:00:00 AM
2146,1,600,12,29-Jul-1997 12:00:00 AM
2146,2,601,12,29-Jul-1997 12:00:00 AM
2146,3,700,12,29-Jul-1997 12:00:00 AM
2147,1,300,36,30-Jul-1997 12:00:00 AM
2147,2,301,36,30-Jul-1997 12:00:00 AM
2147,3,302,36,30-Jul-1997 12:00:00 AM
2148,1,400,12,01-Aug-1997 12:00:00 AM
2148,2,401,12,01-Aug-1997 12:00:00 AM
2149,1,500,24,04-Aug-1997 12:00:00 AM
2149,2,501,24,04-Aug-1997 12:00:00 AM
2150,1,600,12,05-Aug-1997 12:00:00 AM
2150,2,601,12,05-Aug-1997 12:00:00 AM
2151,1,700,72,06-Aug-1997 12:00:00 AM
2152,1,400,12,07-Aug-1997 12:00:00 AM
2152,2,401,12,07-Aug-1997 12:00:00 AM
2153,1,500,24,08-Aug-1997 12:00:00 AM
2153,2,501,24,08-Aug-1997 12:00:00 AM
2154,1,600,36,11-Aug-1997 12:00:00 AM
2154,2,601,36,11-Aug-1997 12:00:00 AM
2155,1,700,60,11-Aug-1997 12:00:00 AM
2156,1,300,12,13-Aug-1997 12:00:00 AM
2156,2,301,12,13-Aug-1997 12:00:00 AM
2156,3,302,12,13-Aug-1997 12:00:00 AM
2156,4,700,12,13-Aug-1997 12:00:00 AM
2157,1,400,24,14-Aug-1997 12:00:00 AM
2157,2,401,24,14-Aug-1997 12:00:00 AM
2157,3,500,24,14-Aug-1997 12:00:00 AM
2157,4,501,24,14-Aug-1997 12:00:00 AM
2158,1,500,12,15-Aug-1997 12:00:00 AM
2158,2,501,12,15-Aug-1997 12:00:00 AM
2158,3,600,36,15-Aug-1997 12:00:00 AM
2158,4,601,36,15-Aug-1997 12:00:00 AM
2159,1,600,24,15-Aug-1997 12:00:00 AM
2160,1,601,24,15-Aug-1997 12:00:00 AM
2161,1,300,36,19-Aug-1997 12:00:00 AM
2161,2,301,36,19-Aug-1997 12:00:00 AM
2161,3,302,12,19-Aug-1997 12:00:00 AM
2162,1,400,24,20-Aug-1997 12:00:00 AM
2162,2,401,12,20-Aug-1997 12:00:00 AM
2162,3,500,36,20-Aug-1997 12:00:00 AM
2163,1,600,24,21-Aug-1997 12:00:00 AM
2163,2,601,24,21-Aug-1997 12:00:00 AM
2164,1,600,60,22-Aug-1997 12:00:00 AM
2164,2,601,60,22-Aug-1997 12:00:00 AM
2164,3,700,36,22-Aug-1997 12:00:00 AM
2165,1,300,12,25-Aug-1997 12:00:00 AM
2165,2,301,24,25-Aug-1997 12:00:00 AM
2165,3,302,12,25-Aug-1997 12:00:00 AM
2166,1,400,36,26-Aug-1997 12:00:00 AM
2166,2,401,36,26-Aug-1997 12:00:00 AM
2167,1,400,12,27-Aug-1997 12:00:00 AM
2167,2,401,12,27-Aug-1997 12:00:00 AM
2167,3,500,12,27-Aug-1997 12:00:00 AM
2167,4,501,24,27-Aug-1997 12:00:00 AM
2168,1,600,24,28-Aug-1997 12:00:00 AM
2168,2,601,24,28-Aug-1997 12:00:00 AM
2169,1,300,36,29-Aug-1997 12:00:00 AM
2169,2,301,36,29-Aug-1997 12:00:00 AM
2169,3,302,24,29-Aug-1997 12:00:00 AM
2170,1,400,60,31-Aug-1997 12:00:00 AM
2170,2,401,24,31-Aug-1997 12:00:00 AM
2170,3,500,24,31-Aug-1997 12:00:00 AM
2171,1,600,12,02-Sep-1997 12:00:00 AM
2171,2,601,12,02-Sep-1997 12:00:00 AM
2172,1,300,24,31-Aug-1997 12:00:00 AM
2172,2,301,24,31-Aug-1997 12:00:00 AM
2172,3,302,24,31-Aug-1997 12:00:00 AM
2173,1,400,12,02-Sep-1997 12:00:00 AM
2173,2,401,12,02-Sep-1997 12:00:00 AM
2174,1,500,36,03-Sep-1997 12:00:00 AM
2174,2,501,36,03-Sep-1997 12:00:00 AM
2175,1,600,48,04-Sep-1997 12:00:00 AM
2175,2,601,48,04-Sep-1997 12:00:00 AM
2176,1,700,60,04-Sep-1997 12:00:00 AM
2177,1,300,12,04-Sep-1997 12:00:00 AM
2178,1,300,24,08-Sep-1997 12:00:00 AM
2178,2,301,24,08-Sep-1997 12:00:00 AM
2178,3,400,12,08-Sep-1997 12:00:00 AM
2179,1,500,36,09-Sep-1997 12:00:00 AM
2179,2,501,36,09-Sep-1997 12:00:00 AM
2180,1,600,12,10-Sep-1997 12:00:00 AM
2180,2,601,12,10-Sep-1997 12:00:00 AM
2180,3,700,24,10-Sep-1997 12:00:00 AM
2181,1,400,36,11-Sep-1997 12:00:00 AM
2181,2,401,36,11-Sep-1997 12:00:00 AM
2182,1,500,12,11-Sep-1997 12:00:00 AM
2182,2,501,12,11-Sep-1997 12:00:00 AM
2183,1,600,24,16-Sep-1997 12:00:00 AM
2183,2,601,24,16-Sep-1997 12:00:00 AM
2184,1,300,12,17-Sep-1997 12:00:00 AM
2184,2,301,12,17-Sep-1997 12:00:00 AM
2184,3,700,12,17-Sep-1997 12:00:00 AM
2185,1,400,24,18-Sep-1997 12:00:00 AM
2185,2,401,24,18-Sep-1997 12:00:00 AM
2186,1,500,36,21-Sep-1997 12:00:00 AM
2186,2,501,36,21-Sep-1997 12:00:00 AM
2187,1,600,48,22-Sep-1997 12:00:00 AM
2187,2,601,48,22-Sep-1997 12:00:00 AM
2188,1,700,60,23-Sep-1997 12:00:00 AM
2189,1,300,12,23-Sep-1997 12:00:00 AM
2189,2,302,12,23-Sep-1997 12:00:00 AM
2190,1,301,24,24-Sep-1997 12:00:00 AM
2190,2,400,24,24-Sep-1997 12:00:00 AM
2190,3,501,24,24-Sep-1997 12:00:00 AM
2191,1,302,36,25-Sep-1997 12:00:00 AM
2191,2,601,36,25-Sep-1997 12:00:00 AM
2191,3,700,36,25-Sep-1997 12:00:00 AM
2192,1,301,12,28-Sep-1997 12:00:00 AM
2192,2,401,12,28-Sep-1997 12:00:00 AM
2192,3,600,12,28-Sep-1997 12:00:00 AM
2193,1,600,24,29-Sep-1997 12:00:00 AM
2193,2,601,24,29-Sep-1997 12:00:00 AM
2193,3,700,24,29-Sep-1997 12:00:00 AM
2194,1,300,12,30-Sep-1997 12:00:00 AM
2194,2,301,12,30-Sep-1997 12:00:00 AM
2194,3,302,12,30-Sep-1997 12:00:00 AM
2195,1,400,12,01-Oct-1997 12:00:00 AM
2195,2,500,24,01-Oct-1997 12:00:00 AM
2195,3,501,24,01-Oct-1997 12:00:00 AM
2196,1,400,36,02-Oct-1997 12:00:00 AM
2196,2,401,36,02-Oct-1997 12:00:00 AM
2196,3,500,24,02-Oct-1997 12:00:00 AM
2197,1,600,48,05-Oct-1997 12:00:00 AM
2197,2,601,48,05-Oct-1997 12:00:00 AM
2197,3,700,48,05-Oct-1997 12:00:00 AM
2198,1,300,12,06-Oct-1997 12:00:00 AM
2198,2,301,12,06-Oct-1997 12:00:00 AM
2198,3,302,12,06-Oct-1997 12:00:00 AM
2199,1,400,36,07-Oct-1997 12:00:00 AM
2199,2,401,36,07-Oct-1997 12:00:00 AM
2199,3,600,12,07-Oct-1997 12:00:00 AM
2200,1,400,24,08-Oct-1997 12:00:00 AM
2200,2,401,24,08-Oct-1997 12:00:00 AM
2200,3,500,24,08-Oct-1997 12:00:00 AM
2201,1,600,60,09-Oct-1997 12:00:00 AM
2201,2,601,60,09-Oct-1997 12:00:00 AM
2201,3,700,60,09-Oct-1997 12:00:00 AM
2202,1,300,12,12-Oct-1997 12:00:00 AM
2202,2,301,12,12-Oct-1997 12:00:00 AM
2202,3,302,12,12-Oct-1997 12:00:00 AM
2203,1,400,24,13-Oct-1997 12:00:00 AM
2203,2,401,24,13-Oct-1997 12:00:00 AM
2204,1,400,24,14-Oct-1997 12:00:00 AM
2204,2,401,24,14-Oct-1997 12:00:00 AM
2204,3,500,36,14-Oct-1997 12:00:00 AM
2204,4,501,36,14-Oct-1997 12:00:00 AM
2205,1,500,12,15-Oct-1997 12:00:00 AM
2205,2,501,12,15-Oct-1997 12:00:00 AM
2205,3,700,24,15-Oct-1997 12:00:00 AM
2206,1,300,12,16-Oct-1997 12:00:00 AM
2206,2,301,12,16-Oct-1997 12:00:00 AM
2206,3,400,12,16-Oct-1997 12:00:00 AM
2206,4,700,12,16-Oct-1997 12:00:00 AM
2207,1,400,24,19-Oct-1997 12:00:00 AM
2207,2,401,24,19-Oct-1997 12:00:00 AM
2207,3,501,12,19-Oct-1997 12:00:00 AM
2208,1,400,36,20-Oct-1997 12:00:00 AM
2208,2,401,36,20-Oct-1997 12:00:00 AM
2208,3,500,36,20-Oct-1997 12:00:00 AM
2208,4,501,36,20-Oct-1997 12:00:00 AM
2209,1,500,12,21-Oct-1997 12:00:00 AM
2209,2,501,12,21-Oct-1997 12:00:00 AM
2209,3,600,12,21-Oct-1997 12:00:00 AM
2209,4,601,12,21-Oct-1997 12:00:00 AM
2210,1,300,24,22-Oct-1997 12:00:00 AM
2210,2,301,24,22-Oct-1997 12:00:00 AM
2210,3,302,24,22-Oct-1997 12:00:00 AM
2210,4,700,24,22-Oct-1997 12:00:00 AM
2211,1,400,36,23-Oct-1997 12:00:00 AM
2211,2,501,24,23-Oct-1997 12:00:00 AM
2211,3,600,12,23-Oct-1997 12:00:00 AM
2212,1,401,36,26-Oct-1997 12:00:00 AM
2212,2,500,24,26-Oct-1997 12:00:00 AM
2212,3,601,12,26-Oct-1997 12:00:00 AM
2213,1,300,48,27-Oct-1997 12:00:00 AM
2213,2,301,36,27-Oct-1997 12:00:00 AM
2213,3,600,24,27-Oct-1997 12:00:00 AM
2213,4,601,24,27-Oct-1997 12:00:00 AM
2214,1,302,12,28-Oct-1997 12:00:00 AM
2214,2,401,12,28-Oct-1997 12:00:00 AM
2214,3,700,24,28-Oct-1997 12:00:00 AM
2215,1,301,12,29-Oct-1997 12:00:00 AM
2215,2,500,12,29-Oct-1997 12:00:00 AM
2215,3,700,36,29-Oct-1997 12:00:00 AM
2216,1,400,24,30-Oct-1997 12:00:00 AM
2216,2,401,24,30-Oct-1997 12:00:00 AM
2217,1,400,24,02-Nov-1997 12:00:00 AM
2217,2,500,36,02-Nov-1997 12:00:00 AM
2217,3,501,36,02-Nov-1997 12:00:00 AM
2218,1,600,24,03-Nov-1997 12:00:00 AM
2218,2,601,24,03-Nov-1997 12:00:00 AM
2219,3,300,24,04-Nov-1997 12:00:00 AM
2219,4,401,12,04-Nov-1997 12:00:00 AM
2219,5,700,48,04-Nov-1997 12:00:00 AM
2220,1,301,24,05-Nov-1997 12:00:00 AM
2220,2,700,36,05-Nov-1997 12:00:00 AM
2221,1,401,12,06-Nov-1997 12:00:00 AM
2221,2,601,24,06-Nov-1997 12:00:00 AM
2222,1,500,12,09-Nov-1997 12:00:00 AM
2222,2,501,12,09-Nov-1997 12:00:00 AM
2223,1,600,24,10-Nov-1997 12:00:00 AM
2223,2,601,24,10-Nov-1997 12:00:00 AM
2223,3,700,12,10-Nov-1997 12:00:00 AM
2224,1,300,24,11-Nov-1997 12:00:00 AM
2224,2,301,24,11-Nov-1997 12:00:00 AM
2224,3,302,24,11-Nov-1997 12:00:00 AM
2225,1,400,36,12-Nov-1997 12:00:00 AM
2225,2,401,36,12-Nov-1997 12:00:00 AM
2226,1,500,12,13-Nov-1997 12:00:00 AM
2226,2,501,12,13-Nov-1997 12:00:00 AM
2227,1,600,12,16-Nov-1997 12:00:00 AM
2227,2,601,12,16-Nov-1997 12:00:00 AM
2228,1,300,36,17-Nov-1997 12:00:00 AM
2228,2,302,36,17-Nov-1997 12:00:00 AM
2229,1,301,24,18-Nov-1997 12:00:00 AM
2229,2,400,24,18-Nov-1997 12:00:00 AM
2229,3,700,12,18-Nov-1997 12:00:00 AM
2230,1,600,60,19-Nov-1997 12:00:00 AM
2230,2,601,60,19-Nov-1997 12:00:00 AM
2231,1,500,72,20-Nov-1997 12:00:00 AM
2231,2,501,60,20-Nov-1997 12:00:00 AM
2232,1,400,36,23-Nov-1997 12:00:00 AM
2232,2,401,36,23-Nov-1997 12:00:00 AM
2233,1,500,12,24-Nov-1997 12:00:00 AM
2233,2,501,12,24-Nov-1997 12:00:00 AM
2234,1,600,24,25-Nov-1997 12:00:00 AM
2234,2,601,24,25-Nov-1997 12:00:00 AM
2235,1,300,36,26-Nov-1997 12:00:00 AM
2235,2,302,36,26-Nov-1997 12:00:00 AM
2236,1,301,12,27-Nov-1997 12:00:00 AM
2236,2,700,60,27-Nov-1997 12:00:00 AM
2237,1,400,36,30-Nov-1997 12:00:00 AM
2237,2,401,36,30-Nov-1997 12:00:00 AM
2238,1,500,24,27-Nov-1997 12:00:00 AM
2239,1,600,72,01-Dec-1997 12:00:00 AM
2239,2,601,60,01-Dec-1997 12:00:00 AM
2240,1,300,12,02-Dec-1997 12:00:00 AM
2240,2,301,12,02-Dec-1997 12:00:00 AM
2240,3,302,12,02-Dec-1997 12:00:00 AM
2241,1,400,24,03-Dec-1997 12:00:00 AM
2241,2,401,24,03-Dec-1997 12:00:00 AM
2242,1,600,60,04-Dec-1997 12:00:00 AM
2242,2,601,48,04-Dec-1997 12:00:00 AM
2243,1,500,24,07-Dec-1997 12:00:00 AM
2243,2,501,12,07-Dec-1997 12:00:00 AM
2244,1,300,24,08-Dec-1997 12:00:00 AM
2244,2,302,24,08-Dec-1997 12:00:00 AM
2245,1,301,36,09-Dec-1997 12:00:00 AM
2245,2,400,24,09-Dec-1997 12:00:00 AM
2246,1,600,48,10-Dec-1997 12:00:00 AM
2246,2,601,60,10-Dec-1997 12:00:00 AM
2247,1,300,12,11-Dec-1997 12:00:00 AM
2247,2,700,24,11-Dec-1997 12:00:00 AM
2248,1,301,12,14-Dec-1997 12:00:00 AM
2248,2,400,12,14-Dec-1997 12:00:00 AM
2249,1,302,12,14-Dec-1997 12:00:00 AM
2249,2,401,24,14-Dec-1997 12:00:00 AM
2250,1,300,24,15-Dec-1997 12:00:00 AM
2250,2,700,36,15-Dec-1997 12:00:00 AM
2251,1,500,12,17-Dec-1997 12:00:00 AM
2251,2,501,24,17-Dec-1997 12:00:00 AM
2252,1,300,12,18-Dec-1997 12:00:00 AM
2252,2,302,12,18-Dec-1997 12:00:00 AM
2253,1,301,24,21-Dec-1997 12:00:00 AM
2253,2,400,12,21-Dec-1997 12:00:00 AM
2254,1,500,36,22-Dec-1997 12:00:00 AM
2254,2,501,24,22-Dec-1997 12:00:00 AM
2255,1,600,48,23-Dec-1997 12:00:00 AM
2255,2,601,36,23-Dec-1997 12:00:00 AM
2256,1,400,12,24-Dec-1997 12:00:00 AM
2256,2,401,12,24-Dec-1997 12:00:00 AM
2257,1,302,24,25-Dec-1997 12:00:00 AM
2257,2,400,12,25-Dec-1997 12:00:00 AM
2257,3,700,24,25-Dec-1997 12:00:00 AM
2258,1,300,36,28-Dec-1997 12:00:00 AM
2258,2,301,24,28-Dec-1997 12:00:00 AM
2258,3,302,12,28-Dec-1997 12:00:00 AM
2259,1,400,36,29-Dec-1997 12:00:00 AM
2259,2,401,36,29-Dec-1997 12:00:00 AM
2260,1,600,48,30-Dec-1997 12:00:00 AM
2260,2,601,48,30-Dec-1997 12:00:00 AM
2261,1,300,12,31-Dec-1997 12:00:00 AM
2261,2,700,48,31-Dec-1997 12:00:00 AM
2262,1,301,24,04-Jan-1997 12:00:00 AM
2262,2,400,12,04-Jan-1997 12:00:00 AM
2263,1,300,24,05-Jan-1998 12:00:00 AM
2263,2,302,24,05-Jan-1998 12:00:00 AM
2264,1,401,36,06-Jan-1998 12:00:00 AM
2264,2,501,48,06-Jan-1998 12:00:00 AM
2264,3,600,12,06-Jan-1998 12:00:00 AM
2265,1,400,24,07-Jan-1998 12:00:00 AM
2265,2,401,24,07-Jan-1998 12:00:00 AM
2266,1,500,12,08-Jan-1998 12:00:00 AM
2266,2,501,12,08-Jan-1998 12:00:00 AM
2267,1,600,24,11-Jan-1998 12:00:00 AM
2267,2,601,12,11-Jan-1998 12:00:00 AM
2267,3,700,48,11-Jan-1998 12:00:00 AM
2268,1,300,12,12-Jan-1998 12:00:00 AM
2268,2,301,12,12-Jan-1998 12:00:00 AM
2269,1,300,24,13-Jan-1998 12:00:00 AM
2269,2,400,48,13-Jan-1998 12:00:00 AM
2269,3,601,12,13-Jan-1998 12:00:00 AM
2270,1,400,36,14-Jan-1998 12:00:00 AM
2270,2,401,24,14-Jan-1998 12:00:00 AM
2271,1,500,12,15-Jan-1998 12:00:00 AM
2272,1,600,24,15-Jan-1998 12:00:00 AM
2272,2,601,12,15-Jan-1998 12:00:00 AM
2273,1,700,60,14-Jan-1998 12:00:00 AM
2274,1,300,48,18-Jan-1998 12:00:00 AM
2274,2,301,36,18-Jan-1998 12:00:00 AM
2275,1,400,12,19-Jan-1998 12:00:00 AM
2275,2,401,24,19-Jan-1998 12:00:00 AM
2276,1,500,36,20-Jan-1998 12:00:00 AM
2276,2,501,24,20-Jan-1998 12:00:00 AM
2277,1,600,12,21-Jan-1998 12:00:00 AM
2277,2,601,24,21-Jan-1998 12:00:00 AM
2278,1,700,48,21-Jan-1998 12:00:00 AM
2279,1,300,12,22-Jan-1998 12:00:00 AM
2280,1,301,24,22-Jan-1998 12:00:00 AM
2280,2,700,48,22-Jan-1998 12:00:00 AM
2281,1,400,12,25-Jan-1998 12:00:00 AM
2281,2,401,12,25-Jan-1998 12:00:00 AM
2282,1,600,24,26-Jan-1998 12:00:00 AM
2282,2,601,12,26-Jan-1998 12:00:00 AM
2283,1,700,48,25-Jan-1998 12:00:00 AM
2284,1,301,12,27-Jan-1998 12:00:00 AM
2284,2,700,60,27-Jan-1998 12:00:00 AM
2285,1,300,24,28-Jan-1998 12:00:00 AM
2285,2,302,12,28-Jan-1998 12:00:00 AM
2286,1,301,24,29-Jan-1998 12:00:00 AM
2286,2,400,12,29-Jan-1998 12:00:00 AM
2287,1,500,12,29-Jan-1998 12:00:00 AM
2287,2,501,24,29-Jan-1998 12:00:00 AM
2288,1,600,12,02-Feb-1998 12:00:00 AM
2288,2,601,24,02-Feb-1998 12:00:00 AM
2289,1,700,48,01-Feb-1998 12:00:00 AM
2290,1,300,12,05-Feb-1998 12:00:00 AM
2290,2,301,12,05-Feb-1998 12:00:00 AM
2290,3,600,24,05-Feb-1998 12:00:00 AM
2291,1,601,12,08-Feb-1998 12:00:00 AM
2291,2,700,12,08-Feb-1998 12:00:00 AM
2292,1,500,24,09-Feb-1998 12:00:00 AM
2292,2,501,12,09-Feb-1998 12:00:00 AM
2293,1,600,24,10-Feb-1998 12:00:00 AM
2293,2,601,12,10-Feb-1998 12:00:00 AM
2294,1,700,36,09-Feb-1998 12:00:00 AM
2295,1,500,12,11-Feb-1998 12:00:00 AM
2295,2,501,24,11-Feb-1998 12:00:00 AM
2296,1,600,36,12-Feb-1998 12:00:00 AM
2296,2,601,24,12-Feb-1998 12:00:00 AM
2297,1,700,12,11-Feb-1998 12:00:00 AM
2298,1,300,60,15-Feb-1998 12:00:00 AM
2298,2,301,36,15-Feb-1998 12:00:00 AM
2299,1,400,12,16-Feb-1998 12:00:00 AM
2299,2,401,12,16-Feb-1998 12:00:00 AM
2300,1,600,36,17-Feb-1998 12:00:00 AM
2300,2,601,24,17-Feb-1998 12:00:00 AM
2301,1,700,36,17-Feb-1998 12:00:00 AM
2302,1,400,12,18-Feb-1998 12:00:00 AM
2302,2,401,24,18-Feb-1998 12:00:00 AM
2303,1,500,36,19-Feb-1998 12:00:00 AM
2303,2,501,36,19-Feb-1998 12:00:00 AM
2304,1,700,60,18-Feb-1998 12:00:00 AM
2305,1,301,12,19-Feb-1998 12:00:00 AM
2306,1,300,24,22-Feb-1998 12:00:00 AM
2306,2,302,12,22-Feb-1998 12:00:00 AM
2307,1,301,36,23-Feb-1998 12:00:00 AM
2307,2,700,12,23-Feb-1998 12:00:00 AM
2308,1,400,24,24-Feb-1998 12:00:00 AM
2308,2,401,24,24-Feb-1998 12:00:00 AM
2309,1,500,12,25-Feb-1998 12:00:00 AM
2309,2,501,12,25-Feb-1998 12:00:00 AM
2310,1,600,24,26-Feb-1998 12:00:00 AM
2310,2,601,24,26-Feb-1998 12:00:00 AM
2311,1,700,36,25-Feb-1998 12:00:00 AM
2312,1,300,12,01-Mar-1998 12:00:00 AM
2312,2,301,12,01-Mar-1998 12:00:00 AM
2312,3,302,12,01-Mar-1998 12:00:00 AM
2313,1,300,12,02-Mar-1998 12:00:00 AM
2313,2,700,24,02-Mar-1998 12:00:00 AM
2314,1,301,24,02-Mar-1998 12:00:00 AM
2315,1,400,12,03-Mar-1998 12:00:00 AM
2315,2,401,12,03-Mar-1998 12:00:00 AM
2316,1,500,24,04-Mar-1998 12:00:00 AM
2316,2,501,12,04-Mar-1998 12:00:00 AM
2317,1,600,36,05-Mar-1998 12:00:00 AM
2317,2,601,48,05-Mar-1998 12:00:00 AM
2318,1,300,12,08-Mar-1998 12:00:00 AM
2318,2,301,12,08-Mar-1998 12:00:00 AM
2319,1,302,24,09-Mar-1998 12:00:00 AM
2319,2,700,36,09-Mar-1998 12:00:00 AM
2320,1,400,12,10-Mar-1998 12:00:00 AM
2320,2,401,12,10-Mar-1998 12:00:00 AM
2321,1,501,24,10-Mar-1998 12:00:00 AM
2322,1,700,60,11-Mar-1998 12:00:00 AM
2323,1,600,48,10-Mar-1998 12:00:00 AM
2324,1,601,24,12-Mar-1998 12:00:00 AM
2324,2,700,12,12-Mar-1998 12:00:00 AM
2325,1,400,24,15-Mar-1998 12:00:00 AM
2326,1,600,12,15-Mar-1998 12:00:00 AM
2327,1,300,24,16-Mar-1998 12:00:00 AM
2327,2,302,12,16-Mar-1998 12:00:00 AM
2328,1,301,36,17-Mar-1998 12:00:00 AM
2328,2,302,24,17-Mar-1998 12:00:00 AM
2329,1,300,12,18-Mar-1998 12:00:00 AM
2329,2,700,48,18-Mar-1998 12:00:00 AM
2330,1,400,24,19-Mar-1998 12:00:00 AM
2331,1,501,12,18-Mar-1998 12:00:00 AM
2332,1,600,72,22-Mar-1998 12:00:00 AM
2333,1,700,12,19-Mar-1998 12:00:00 AM
2334,1,301,24,23-Mar-1998 12:00:00 AM
2334,2,302,12,23-Mar-1998 12:00:00 AM
2335,1,300,36,24-Mar-1998 12:00:00 AM
2336,1,700,36,24-Mar-1998 12:00:00 AM
2337,1,300,12,25-Mar-1998 12:00:00 AM
2337,2,301,24,25-Mar-1998 12:00:00 AM
2338,1,302,12,25-Mar-1998 12:00:00 AM
2339,1,400,24,26-Mar-1998 12:00:00 AM
2340,1,500,36,29-Mar-1998 12:00:00 AM
2341,1,601,12,26-Mar-1998 12:00:00 AM
2342,1,700,24,30-Mar-1998 12:00:00 AM
2343,1,400,12,30-Mar-1998 12:00:00 AM
2344,1,501,36,31-Mar-1998 12:00:00 AM
2345,1,600,24,30-Mar-1998 12:00:00 AM
2346,1,302,12,31-Mar-1998 12:00:00 AM
2347,1,400,38,01-Apr-1998 12:00:00 AM
2348,1,500,24,02-Apr-1998 12:00:00 AM
2349,1,302,60,01-Apr-1998 12:00:00 AM
2350,1,401,48,05-Apr-1998 12:00:00 AM
2351,1,500,12,02-Apr-1998 12:00:00 AM
2352,1,300,36,06-Apr-1998 12:00:00 AM
2353,1,501,24,05-Apr-1998 12:00:00 AM
2354,1,600,12,07-Apr-1998 12:00:00 AM
2355,1,601,36,07-Apr-1998 12:00:00 AM
2355,2,700,24,07-Apr-1998 12:00:00 AM
2356,1,300,12,08-Apr-1998 12:00:00 AM
2357,1,302,24,07-Apr-1998 12:00:00 AM
2358,1,401,36,09-Apr-1998 12:00:00 AM
2359,1,500,12,09-Apr-1998 12:00:00 AM
2360,1,301,24,12-Apr-1998 12:00:00 AM
2360,2,302,12,12-Apr-1998 12:00:00 AM
2361,1,400,36,09-Apr-1998 12:00:00 AM
2362,1,501,24,13-Apr-1998 12:00:00 AM
2363,1,601,36,13-Apr-1998 12:00:00 AM
2364,1,700,72,14-Apr-1998 12:00:00 AM
2365,1,300,12,13-Apr-1998 12:00:00 AM
2366,1,500,36,15-Apr-1998 12:00:00 AM
2366,2,501,24,15-Apr-1998 12:00:00 AM
2367,1,400,12,16-Apr-1998 12:00:00 AM
2368,1,401,24,15-Apr-1998 12:00:00 AM
2369,1,700,48,19-Apr-1998 12:00:00 AM
2370,1,600,12,19-Apr-1998 12:00:00 AM
2371,1,501,36,20-Apr-1998 12:00:00 AM
2372,1,300,24,20-Apr-1998 12:00:00 AM
2373,1,302,12,21-Apr-1998 12:00:00 AM
2374,1,501,36,21-Apr-1998 12:00:00 AM
2375,1,500,24,22-Apr-1998 12:00:00 AM
2376,1,600,12,22-Apr-1998 12:00:00 AM
2377,1,700,48,23-Apr-1998 12:00:00 AM
2378,1,301,36,23-Apr-1998 12:00:00 AM
2379,1,401,24,23-Apr-1998 12:00:00 AM
2379,2,600,12,23-Apr-1998 12:00:00 AM
2380,1,400,36,27-Apr-1998 12:00:00 AM
2381,1,302,24,27-Apr-1998 12:00:00 AM
2382,1,400,12,28-Apr-1998 12:00:00 AM
2383,1,601,24,28-Apr-1998 12:00:00 AM
2384,1,300,48,29-Apr-1998 12:00:00 AM
2384,2,401,36,29-Apr-1998 12:00:00 AM
2385,1,700,24,30-Apr-1998 12:00:00 AM
2386,1,500,12,30-Apr-1998 12:00:00 AM
2387,1,302,24,30-Apr-1998 12:00:00 AM
2387,2,700,36,30-Apr-1998 12:00:00 AM
2388,1,401,12,30-Apr-1998 12:00:00 AM
2388,2,501,24,30-Apr-1998 12:00:00 AM
2388,3,700,60,30-Apr-1998 12:00:00 AM
2389,1,600,24,19-Apr-1998 12:00:00 AM
2389,2,601,12,19-Apr-1998 12:00:00 AM
2390,1,400,36,04-May-1998 12:00:00 AM
2390,2,401,24,04-May-1998 12:00:00 AM
2391,1,300,12,04-May-1998 12:00:00 AM
2392,1,500,24,05-May-1998 12:00:00 AM
2392,2,501,24,05-May-1998 12:00:00 AM
2393,1,600,12,04-May-1998 12:00:00 AM
2394,1,700,48,05-May-1998 12:00:00 AM
2395,1,301,60,06-May-1998 12:00:00 AM
2395,2,302,24,06-May-1998 12:00:00 AM
2396,1,500,12,07-May-1998 12:00:00 AM
2396,2,501,12,07-May-1998 12:00:00 AM
2397,1,700,36,07-May-1998 12:00:00 AM
2398,1,400,24,07-May-1998 12:00:00 AM
2398,2,500,12,10-May-1998 12:00:00 AM
2398,3,501,24,10-May-1998 12:00:00 AM
2399,1,401,48,11-May-1998 12:00:00 AM
2399,2,700,12,11-May-1998 12:00:00 AM
2400,1,300,24,11-May-1998 12:00:00 AM
2400,2,301,24,11-May-1998 12:00:00 AM
2401,1,600,12,12-May-1998 12:00:00 AM
2401,2,601,24,12-May-1998 12:00:00 AM
2402,1,302,36,11-May-1998 12:00:00 AM
2403,1,400,12,12-May-1998 12:00:00 AM
2403,2,401,12,12-May-1998 12:00:00 AM
2404,1,500,24,13-May-1998 12:00:00 AM
2404,2,501,12,13-May-1998 12:00:00 AM
2405,1,300,36,14-May-1998 12:00:00 AM
2405,2,301,36,14-May-1998 12:00:00 AM
2406,1,400,24,14-May-1998 12:00:00 AM
2406,2,401,12,14-May-1998 12:00:00 AM
2407,1,302,36,17-May-1998 12:00:00 AM
2407,2,700,24,17-May-1998 12:00:00 AM
2408,1,500,36,14-May-1998 12:00:00 AM
2408,2,501,24,14-May-1998 12:00:00 AM
2409,1,600,12,18-May-1998 12:00:00 AM
2409,2,601,24,18-May-1998 12:00:00 AM
2410,1,400,12,17-May-1998 12:00:00 AM
2411,1,300,36,19-May-1998 12:00:00 AM
2411,2,301,24,19-May-1998 12:00:00 AM
2411,3,302,12,19-May-1998 12:00:00 AM
2412,1,400,24,20-May-1998 12:00:00 AM
2412,2,401,24,20-May-1998 12:00:00 AM
2413,1,500,60,19-May-1998 12:00:00 AM
2414,1,501,36,21-May-1998 12:00:00 AM
2414,2,600,24,21-May-1998 12:00:00 AM
2415,1,601,12,21-May-1998 12:00:00 AM
2416,1,700,36,20-May-1998 12:00:00 AM
2417,1,302,12,20-May-1998 12:00:00 AM
2418,1,300,24,24-May-1998 12:00:00 AM
2418,2,301,12,24-May-1998 12:00:00 AM
2419,1,302,24,21-May-1998 12:00:00 AM
2420,1,400,36,25-May-1998 12:00:00 AM
2421,1,401,48,25-May-1998 12:00:00 AM
2422,1,500,36,24-May-1998 12:00:00 AM
2423,1,501,12,26-May-1998 12:00:00 AM
2423,2,600,24,26-May-1998 12:00:00 AM
2424,1,601,36,26-May-1998 12:00:00 AM
2425,1,600,24,26-May-1998 12:00:00 AM
2425,2,700,12,26-May-1998 12:00:00 AM
2426,1,300,12,31-May-1998 12:00:00 AM
2426,2,301,24,31-May-1998 12:00:00 AM
2426,3,302,24,31-May-1998 12:00:00 AM
2427,1,700,36,26-May-1998 12:00:00 AM
2428,1,400,12,01-Jun-1998 12:00:00 AM
2428,2,401,24,01-Jun-1998 12:00:00 AM
2429,1,500,24,31-May-1998 12:00:00 AM
2430,1,501,12,02-Jun-1998 12:00:00 AM
2430,2,600,24,02-Jun-1998 12:00:00 AM
2431,1,601,36,01-Jun-1998 12:00:00 AM
2432,1,300,24,03-Jun-1998 12:00:00 AM
2432,2,700,12,03-Jun-1998 12:00:00 AM
2433,1,301,36,03-Jun-1998 12:00:00 AM
2434,1,302,12,04-Jun-1998 12:00:00 AM
2434,2,400,24,04-Jun-1998 12:00:00 AM
2435,1,401,24,04-Jun-1998 12:00:00 AM
2436,1,500,36,07-Jun-1998 12:00:00 AM
2436,2,501,24,07-Jun-1998 12:00:00 AM
2437,1,600,12,04-Jun-1998 12:00:00 AM
2438,1,601,24,08-Jun-1998 12:00:00 AM
2438,2,700,36,08-Jun-1998 12:00:00 AM
2439,1,300,12,07-Jun-1998 12:00:00 AM
2439,2,301,12,07-Jun-1998 12:00:00 AM
2440,1,400,24,09-Jun-1998 12:00:00 AM
2440,2,401,12,09-Jun-1998 12:00:00 AM
2441,1,500,36,08-Jun-1998 12:00:00 AM
2441,2,501,36,08-Jun-1998 12:00:00 AM
2442,1,700,12,09-Jun-1998 12:00:00 AM
2443,1,600,24,10-Jun-1998 12:00:00 AM
2443,2,601,12,10-Jun-1998 12:00:00 AM
2444,1,300,24,09-Jun-1998 12:00:00 AM
2445,1,301,36,11-Jun-1998 12:00:00 AM
2445,2,302,24,11-Jun-1998 12:00:00 AM
2446,1,400,36,11-Jun-1998 12:00:00 AM
2446,2,401,24,11-Jun-1998 12:00:00 AM
2447,1,500,12,14-Jun-1998 12:00:00 AM
2447,2,501,24,14-Jun-1998 12:00:00 AM
2448,1,600,12,11-Jun-1998 12:00:00 AM
2449,1,601,24,15-Jun-1998 12:00:00 AM
2449,2,700,36,15-Jun-1998 12:00:00 AM
2450,1,300,12,14-Jun-1998 12:00:00 AM
2451,1,301,24,16-Jun-1998 12:00:00 AM
2451,2,302,12,16-Jun-1998 12:00:00 AM
2452,1,400,24,16-Jun-1998 12:00:00 AM
2453,1,401,12,17-Jun-1998 12:00:00 AM
2453,2,500,12,17-Jun-1998 12:00:00 AM
2454,1,501,36,17-Jun-1998 12:00:00 AM
2455,1,600,24,18-Jun-1998 12:00:00 AM
2455,2,601,24,18-Jun-1998 12:00:00 AM
2456,1,700,12,17-Jun-1998 12:00:00 AM
2457,1,300,12,17-Jun-1998 12:00:00 AM
2458,1,301,24,18-Jun-1998 12:00:00 AM
2458,2,302,24,18-Jun-1998 12:00:00 AM
2459,1,400,12,22-Jun-1998 12:00:00 AM
2459,2,401,24,22-Jun-1998 12:00:00 AM
2460,1,500,12,22-Jun-1998 12:00:00 AM
2460,2,501,24,22-Jun-1998 12:00:00 AM
2461,1,600,36,23-Jun-1998 12:00:00 AM
2461,2,601,48,23-Jun-1998 12:00:00 AM
2462,1,401,12,24-Jun-1998 12:00:00 AM
2462,2,700,60,22-Jun-1998 12:00:00 AM
2463,1,300,36,23-Jun-1998 12:00:00 AM
2463,2,301,24,23-Jun-1998 12:00:00 AM
2463,3,500,24,28-Jun-1998 12:00:00 AM
2463,4,501,12,28-Jun-1998 12:00:00 AM
2464,1,400,12,24-Jun-1998 12:00:00 AM
2464,2,600,36,29-Jun-1998 12:00:00 AM
2464,3,601,48,29-Jun-1998 12:00:00 AM
2465,1,400,12,29-Jun-1998 12:00:00 AM
2465,2,700,24,29-Jun-1998 12:00:00 AM
2466,1,500,12,30-Jun-1998 12:00:00 AM
2466,2,501,24,29-Jun-1998 12:00:00 AM
2467,1,600,36,29-Jun-1998 12:00:00 AM
2468,1,300,24,01-Jul-1998 12:00:00 AM
2468,2,700,24,01-Jul-1998 12:00:00 AM
2469,1,400,12,20-Jun-1998 12:00:00 AM
2470,1,500,12,01-Jul-1998 12:00:00 AM
2471,1,600,24,01-Jul-1998 12:00:00 AM
2472,1,700,60,01-Jul-1998 12:00:00 AM
2473,1,300,12,06-Jul-1998 12:00:00 AM
2473,2,301,24,06-Jul-1998 12:00:00 AM
2474,1,400,36,05-Jul-1998 12:00:00 AM
2474,2,401,24,05-Jul-1998 12:00:00 AM
2475,1,500,36,07-Jul-1998 12:00:00 AM
2475,2,501,24,07-Jul-1998 12:00:00 AM
2476,1,700,60,08-Jul-1998 12:00:00 AM
2477,1,300,36,08-Jul-1998 12:00:00 AM
2477,2,302,24,08-Jul-1998 12:00:00 AM
2478,1,400,12,09-Jul-1998 12:00:00 AM
2478,2,401,24,09-Jul-1998 12:00:00 AM
2479,1,500,36,08-Jul-1998 12:00:00 AM
2479,2,501,24,08-Jul-1998 12:00:00 AM
2480,1,600,24,12-Jul-1998 12:00:00 AM
2480,2,601,12,12-Jul-1998 12:00:00 AM
2481,1,302,12,12-Jul-1998 12:00:00 AM
2481,2,700,72,12-Jul-1998 12:00:00 AM
2482,1,300,24,13-Jul-1998 12:00:00 AM
2482,2,301,24,13-Jul-1998 12:00:00 AM
2483,1,700,36,13-Jul-1998 12:00:00 AM
2484,1,401,24,15-Jul-1998 12:00:00 AM
2485,1,500,24,15-Jul-1998 12:00:00 AM
2485,2,501,12,15-Jul-1998 12:00:00 AM
2486,1,600,36,16-Jul-1998 12:00:00 AM
2486,2,601,24,16-Jul-1998 12:00:00 AM
2487,1,700,48,16-Jul-1998 12:00:00 AM
2488,1,300,12,19-Jul-1998 12:00:00 AM
2488,2,301,12,19-Jul-1998 12:00:00 AM
2489,1,400,24,19-Jul-1998 12:00:00 AM
2489,2,601,24,19-Jul-1998 12:00:00 AM
2490,1,500,36,20-Jul-1998 12:00:00 AM
2490,2,501,36,20-Jul-1998 12:00:00 AM
2491,1,600,24,20-Jul-1998 12:00:00 AM
2491,2,601,24,20-Jul-1998 12:00:00 AM
2492,1,300,12,21-Jul-1998 12:00:00 AM
2492,2,301,12,21-Jul-1998 12:00:00 AM
2493,1,400,24,22-Jul-1998 12:00:00 AM
2493,2,401,12,22-Jul-1998 12:00:00 AM
2494,1,500,36,22-Jul-1998 12:00:00 AM
2495,1,600,24,23-Jul-1998 12:00:00 AM
2495,2,601,12,23-Jul-1998 12:00:00 AM
2496,1,500,24,26-Jul-1998 12:00:00 AM
2496,2,501,12,26-Jul-1998 12:00:00 AM
2497,1,700,48,26-Jul-1998 12:00:00 AM
2498,1,300,12,27-Jul-1998 12:00:00 AM
2498,2,301,12,27-Jul-1998 12:00:00 AM
2499,1,400,24,27-Jul-1998 12:00:00 AM
2499,2,401,24,27-Jul-1998 12:00:00 AM
2500,1,302,36,28-Jul-1998 12:00:00 AM
2500,2,700,48,28-Jul-1998 12:00:00 AM
2501,1,500,12,27-Jul-1998 12:00:00 AM
2501,2,501,12,27-Jul-1998 12:00:00 AM
2502,1,600,24,29-Jul-1998 12:00:00 AM
2502,2,601,24,29-Jul-1998 12:00:00 AM
2503,1,700,12,28-Jul-1998 12:00:00 AM
2504,1,300,24,30-Jul-1998 12:00:00 AM
2504,2,301,24,30-Jul-1998 12:00:00 AM
2505,1,700,12,29-Jul-1998 12:00:00 AM
2506,1,400,36,30-Jul-1998 12:00:00 AM
2506,2,401,24,30-Jul-1998 12:00:00 AM
2507,1,500,12,02-Aug-1998 12:00:00 AM
2507,2,501,12,02-Aug-1998 12:00:00 AM
2508,1,300,36,03-Aug-1998 12:00:00 AM
2508,2,302,36,03-Aug-1998 12:00:00 AM
2509,1,301,24,04-Aug-1998 12:00:00 AM
2509,2,400,12,04-Aug-1998 12:00:00 AM
2510,1,500,36,05-Aug-1998 12:00:00 AM
2510,2,501,24,05-Aug-1998 12:00:00 AM
2511,1,600,12,06-Aug-1998 12:00:00 AM
2511,2,601,24,06-Aug-1998 12:00:00 AM
2512,1,700,60,06-Aug-1998 12:00:00 AM
2513,1,300,12,09-Aug-1998 12:00:00 AM
2513,2,301,12,09-Aug-1998 12:00:00 AM
2513,3,302,12,09-Aug-1998 12:00:00 AM
2514,1,400,24,10-Aug-1998 12:00:00 AM
2514,2,401,24,10-Aug-1998 12:00:00 AM
2515,1,500,36,10-Aug-1998 12:00:00 AM
2515,2,501,36,10-Aug-1998 12:00:00 AM
2516,1,600,12,11-Aug-1998 12:00:00 AM
2516,2,601,12,11-Aug-1998 12:00:00 AM
2517,1,700,48,11-Aug-1998 12:00:00 AM
2518,1,300,24,11-Aug-1998 12:00:00 AM
2518,2,301,24,11-Aug-1998 12:00:00 AM
2519,1,400,36,12-Aug-1998 12:00:00 AM
2520,1,500,12,13-Aug-1998 12:00:00 AM
2520,2,501,24,13-Aug-1998 12:00:00 AM
2521,1,600,36,13-Aug-1998 12:00:00 AM
2521,2,601,36,13-Aug-1998 12:00:00 AM
2522,1,700,60,13-Aug-1998 12:00:00 AM
2523,1,700,12,17-Aug-1998 12:00:00 AM
2524,1,300,24,18-Aug-1998 12:00:00 AM
2524,2,302,24,18-Aug-1998 12:00:00 AM
2525,1,400,24,19-Aug-1998 12:00:00 AM
2525,2,401,25,19-Aug-1998 12:00:00 AM
2526,1,302,12,20-Aug-1998 12:00:00 AM
2526,2,700,12,20-Aug-1998 12:00:00 AM
2527,1,400,36,20-Aug-1998 12:00:00 AM
2528,1,500,48,23-Aug-1998 12:00:00 AM
2528,2,700,36,23-Aug-1998 12:00:00 AM
2529,1,300,12,24-Aug-1998 12:00:00 AM
2529,2,301,12,24-Aug-1998 12:00:00 AM
2530,1,400,24,24-Aug-1998 12:00:00 AM
2531,1,500,36,25-Aug-1998 12:00:00 AM
2531,2,501,36,25-Aug-1998 12:00:00 AM
2532,1,600,12,24-Aug-1998 12:00:00 AM
2533,1,400,24,26-Aug-1998 12:00:00 AM
2533,2,401,24,26-Aug-1998 12:00:00 AM
2534,1,301,12,26-Aug-1998 12:00:00 AM
2535,1,300,24,27-Aug-1998 12:00:00 AM
2535,2,301,24,27-Aug-1998 12:00:00 AM
2535,3,302,24,27-Aug-1998 12:00:00 AM
2536,1,700,48,27-Aug-1998 12:00:00 AM
2537,1,600,24,30-Aug-1998 12:00:00 AM
2537,2,601,12,30-Aug-1998 12:00:00 AM
2538,1,300,12,31-Aug-1998 12:00:00 AM
2538,2,301,24,31-Aug-1998 12:00:00 AM
2539,1,400,36,31-Aug-1998 12:00:00 AM
2539,2,401,36,31-Aug-1998 12:00:00 AM
2540,1,500,12,01-Sep-1998 12:00:00 AM
2540,2,501,12,01-Sep-1998 12:00:00 AM
2541,1,700,24,31-Aug-1998 12:00:00 AM
2542,1,400,48,02-Sep-1998 12:00:00 AM
2542,2,401,48,02-Sep-1998 12:00:00 AM
2543,1,500,12,02-Sep-1998 12:00:00 AM
2544,1,300,12,03-Sep-1998 12:00:00 AM
2544,2,301,12,03-Sep-1998 12:00:00 AM
2545,1,302,24,03-Sep-1998 12:00:00 AM
2546,1,400,36,06-Sep-1998 12:00:00 AM
2546,2,401,36,06-Sep-1998 12:00:00 AM
2547,1,500,24,06-Sep-1998 12:00:00 AM
2547,2,501,12,06-Sep-1998 12:00:00 AM
2548,1,600,24,06-Sep-1998 12:00:00 AM
2549,1,300,12,07-Sep-1998 12:00:00 AM
2549,2,301,12,07-Sep-1998 12:00:00 AM
2550,1,302,24,07-Sep-1998 12:00:00 AM
2551,1,700,12,08-Sep-1998 12:00:00 AM
2552,1,300,36,09-Sep-1998 12:00:00 AM
2552,2,301,36,09-Sep-1998 12:00:00 AM
2553,1,302,24,09-Sep-1998 12:00:00 AM
2554,1,400,12,10-Sep-1998 12:00:00 AM
2554,2,401,12,10-Sep-1998 12:00:00 AM
2555,1,500,36,10-Sep-1998 12:00:00 AM
2556,1,600,24,10-Sep-1998 12:00:00 AM
2556,2,601,24,10-Sep-1998 12:00:00 AM
2557,1,300,12,13-Sep-1998 12:00:00 AM
2557,2,301,12,13-Sep-1998 12:00:00 AM
2558,1,400,24,13-Sep-1998 12:00:00 AM
2559,1,700,60,14-Sep-1998 12:00:00 AM
2560,1,300,24,15-Sep-1998 12:00:00 AM
2560,2,301,24,15-Sep-1998 12:00:00 AM
2561,1,400,12,15-Sep-1998 12:00:00 AM
2561,2,401,12,15-Sep-1998 12:00:00 AM
2562,1,302,48,16-Sep-1998 12:00:00 AM
2562,2,400,36,16-Sep-1998 12:00:00 AM
2563,1,302,12,16-Sep-1998 12:00:00 AM
2563,2,700,24,16-Sep-1998 12:00:00 AM
2564,1,301,12,20-Sep-1998 12:00:00 AM
2564,2,302,12,20-Sep-1998 12:00:00 AM
2565,1,400,36,20-Sep-1998 12:00:00 AM
2566,1,500,24,21-Sep-1998 12:00:00 AM
2566,2,501,24,21-Sep-1998 12:00:00 AM
2567,1,401,48,20-Sep-1998 12:00:00 AM
2568,1,600,36,22-Sep-1998 12:00:00 AM
2568,2,601,36,22-Sep-1998 12:00:00 AM
2569,1,300,12,22-Sep-1998 12:00:00 AM
2569,2,700,24,22-Sep-1998 12:00:00 AM
2570,1,400,36,23-Sep-1998 12:00:00 AM
2570,2,401,24,23-Sep-1998 12:00:00 AM
2571,1,302,12,23-Sep-1998 12:00:00 AM
2571,2,700,12,23-Sep-1998 12:00:00 AM
2572,1,600,72,23-Sep-1998 12:00:00 AM
2573,1,300,24,24-Sep-1998 12:00:00 AM
2573,2,302,24,24-Sep-1998 12:00:00 AM
2574,1,301,48,23-Sep-1998 12:00:00 AM
2575,1,400,24,27-Sep-1998 12:00:00 AM
2575,2,401,12,27-Sep-1998 12:00:00 AM
2576,1,500,36,27-Sep-1998 12:00:00 AM
2576,2,501,24,27-Sep-1998 12:00:00 AM
2577,1,300,12,28-Sep-1998 12:00:00 AM
2577,2,301,12,28-Sep-1998 12:00:00 AM
2577,3,302,12,28-Sep-1998 12:00:00 AM
2578,1,700,36,18-Sep-1998 12:00:00 AM
2579,1,500,60,01-Oct-1998 12:00:00 AM
2580,1,700,12,28-Sep-1998 12:00:00 AM
2581,1,400,24,30-Sep-1998 12:00:00 AM
2582,1,400,12,01-Oct-1998 12:00:00 AM
2583,1,600,24,05-Oct-1998 12:00:00 AM
2583,2,601,24,05-Oct-1998 12:00:00 AM
2584,1,600,36,06-Oct-1998 12:00:00 AM
2584,2,601,24,06-Oct-1998 12:00:00 AM
2585,1,300,12,08-Oct-1998 12:00:00 AM
2585,2,301,12,08-Oct-1998 12:00:00 AM
2586,1,400,24,11-Oct-1998 12:00:00 AM
2586,2,401,12,11-Oct-1998 12:00:00 AM
2587,1,300,36,12-Oct-1998 12:00:00 AM
2587,2,301,36,12-Oct-1998 12:00:00 AM
2588,1,400,24,13-Oct-1998 12:00:00 AM
2588,2,401,24,13-Oct-1998 12:00:00 AM
2589,1,500,12,13-Oct-1998 12:00:00 AM
2589,2,501,12,13-Oct-1998 12:00:00 AM
2590,1,700,36,14-Oct-1998 12:00:00 AM
2591,1,300,24,14-Oct-1998 12:00:00 AM
2591,2,301,24,14-Oct-1998 12:00:00 AM
2592,1,302,12,13-Oct-1998 12:00:00 AM
2593,1,400,12,18-Oct-1998 12:00:00 AM
2593,2,401,24,18-Oct-1998 12:00:00 AM
2594,1,600,12,18-Oct-1998 12:00:00 AM
2594,2,601,12,18-Oct-1998 12:00:00 AM
2595,1,700,48,18-Oct-1998 12:00:00 AM
2596,1,500,24,19-Oct-1998 12:00:00 AM
2596,2,501,24,19-Oct-1998 12:00:00 AM
2597,1,300,12,19-Oct-1998 12:00:00 AM
2597,2,301,12,19-Oct-1998 12:00:00 AM
2598,1,400,24,20-Oct-1998 12:00:00 AM
2598,2,401,36,20-Oct-1998 12:00:00 AM
2599,1,302,72,19-Oct-1998 12:00:00 AM
2600,1,601,24,20-Oct-1998 12:00:00 AM
2601,1,400,36,21-Oct-1998 12:00:00 AM
2601,2,401,36,21-Oct-1998 12:00:00 AM
2602,1,500,12,21-Oct-1998 12:00:00 AM
2602,2,601,24,21-Oct-1998 12:00:00 AM
2603,1,301,12,22-Oct-1998 12:00:00 AM
2603,2,700,36,22-Oct-1998 12:00:00 AM
2604,1,400,24,25-Oct-1998 12:00:00 AM
2604,2,401,24,25-Oct-1998 12:00:00 AM
2605,1,700,36,22-Oct-1998 12:00:00 AM
2606,1,500,12,26-Oct-1998 12:00:00 AM
2606,2,501,24,26-Oct-1998 12:00:00 AM
2607,1,302,48,26-Oct-1998 12:00:00 AM
2608,1,601,12,25-Oct-1998 12:00:00 AM
2609,1,600,36,27-Oct-1998 12:00:00 AM
2609,2,601,24,27-Oct-1998 12:00:00 AM
2610,1,300,12,27-Oct-1998 12:00:00 AM
2610,2,301,12,27-Oct-1998 12:00:00 AM
2611,1,302,24,28-Oct-1998 12:00:00 AM
2611,2,700,48,28-Oct-1998 12:00:00 AM
2612,1,400,24,28-Oct-1998 12:00:00 AM
2613,1,500,36,29-Oct-1998 12:00:00 AM
2613,2,501,36,29-Oct-1998 12:00:00 AM
2614,1,600,24,28-Oct-1998 12:00:00 AM
2615,1,700,60,29-Oct-1998 12:00:00 AM
2616,1,301,12,01-Nov-1998 12:00:00 AM
2616,2,501,24,01-Nov-1998 12:00:00 AM
2617,1,400,24,03-Nov-1998 12:00:00 AM
2617,2,401,12,03-Nov-1998 12:00:00 AM
2618,1,600,12,03-Nov-1998 12:00:00 AM
2618,2,601,24,03-Nov-1998 12:00:00 AM
2619,1,300,12,04-Nov-1998 12:00:00 AM
2619,2,700,36,04-Nov-1998 12:00:00 AM
2620,1,301,24,04-Nov-1998 12:00:00 AM
2620,2,302,24,04-Nov-1998 12:00:00 AM
2621,1,400,12,05-Nov-1998 12:00:00 AM
2621,2,401,12,05-Nov-1998 12:00:00 AM
2622,1,302,24,05-Nov-1998 12:00:00 AM
2623,1,600,12,08-Nov-1998 12:00:00 AM
2623,2,700,12,08-Nov-1998 12:00:00 AM
2624,1,601,24,08-Nov-1998 12:00:00 AM
2625,1,302,12,09-Nov-1998 12:00:00 AM
2625,2,501,24,09-Nov-1998 12:00:00 AM
2625,3,700,24,09-Nov-1998 12:00:00 AM
2626,1,400,12,09-Nov-1998 12:00:00 AM
2626,2,500,12,09-Nov-1998 12:00:00 AM
2627,1,300,24,10-Nov-1998 12:00:00 AM
2627,2,301,24,10-Nov-1998 12:00:00 AM
2627,3,302,12,10-Nov-1998 12:00:00 AM
2628,1,400,36,10-Nov-1998 12:00:00 AM
2629,1,600,12,11-Nov-1998 12:00:00 AM
2629,2,601,24,11-Nov-1998 12:00:00 AM
2630,1,302,36,11-Nov-1998 12:00:00 AM
2631,1,400,12,12-Nov-1998 12:00:00 AM
2631,2,401,12,12-Nov-1998 12:00:00 AM
2632,1,600,24,12-Nov-1998 12:00:00 AM
2632,2,601,24,12-Nov-1998 12:00:00 AM
2633,1,300,12,15-Nov-1998 12:00:00 AM
2633,2,301,12,15-Nov-1998 12:00:00 AM
2634,1,400,24,15-Nov-1998 12:00:00 AM
2635,1,700,72,16-Nov-1998 12:00:00 AM
2636,1,600,24,17-Nov-1998 12:00:00 AM
2636,2,601,24,17-Nov-1998 12:00:00 AM
2637,1,501,48,16-Nov-1998 12:00:00 AM
2638,1,300,24,18-Nov-1998 12:00:00 AM
2639,1,401,36,17-Nov-1998 12:00:00 AM
2640,1,600,24,19-Nov-1998 12:00:00 AM
2641,1,501,36,18-Nov-1998 12:00:00 AM
2641,2,700,24,18-Nov-1998 12:00:00 AM
2642,1,300,12,22-Nov-1998 12:00:00 AM
2643,1,301,24,22-Nov-1998 12:00:00 AM
2644,1,600,36,23-Nov-1998 12:00:00 AM
2645,1,601,12,23-Nov-1998 12:00:00 AM
2646,1,302,24,25-Nov-1998 12:00:00 AM
2647,1,401,36,24-Nov-1998 12:00:00 AM
2648,1,600,12,26-Nov-1998 12:00:00 AM
2649,1,700,36,26-Nov-1998 12:00:00 AM
2650,1,600,24,29-Nov-1998 12:00:00 AM
2650,2,601,36,29-Nov-1998 12:00:00 AM
2651,1,700,48,29-Nov-1998 12:00:00 AM
2652,1,400,36,26-Nov-1998 12:00:00 AM
2652,2,300,10,01-Dec-1998 12:00:00 AM
2653,1,301,0,17-Oct-1999 12:00:00 AM
2654,1,301,15,29-Oct-1999 12:00:00 AM
2654,2,302,3,29-Oct-1999 12:00:00 AM
2654,3,400,8,29-Oct-1999 12:00:00 AM
